id;first_name;last_name;email;gender;money;country;job
1;Bendix;Kiddle;bkiddle0@seattletimes.com;Male;$370969.08;Norway;Project Manager
2;Florinda;Calan;fcalan1@bloomberg.com;Female;$290455.05;Colombia;Safety Technician I
3;Mercy;Worsnop;mworsnop2@cbsnews.com;Female;$152829.88;China;Geological Engineer
4;Tony;Ormesher;tormesher3@furl.net;Female;$164763.75;China;Help Desk Operator
5;Minetta;Ibbett;mibbett4@engadget.com;Female;$404708.24;Indonesia;Statistician II
6;Orelia;Comins;ocomins5@nih.gov;Female;$104162.08;Greece;Software Test Engineer IV
7;Flin;Whitlock;fwhitlock6@drupal.org;Male;$12680.68;Peru;Geologist II
8;Emilie;Poile;epoile7@nymag.com;Female;$114016.20;Iran;Programmer II
9;Neill;Antal;nantal8@github.com;Male;$79683.42;Japan;Automation Specialist IV
10;Hillier;Bax;hbax9@addtoany.com;Male;$17592.02;Ukraine;Senior Editor
11;Annabal;Craddy;acraddya@usda.gov;Female;$340594.30;Sweden;Associate Professor
12;Ardelle;Grigg;agriggb@va.gov;Female;$236476.46;Morocco;Database Administrator II
13;Emelita;Cockburn;ecockburnc@vk.com;Female;$91315.92;China;Staff Scientist
14;Ivor;Graser;igraserd@pinterest.com;Male;$67262.41;China;Actuary
15;Kippie;Brownell;kbrownelle@redcross.org;Male;$149358.16;Argentina;Technical Writer
16;Kasper;Portriss;kportrissf@washingtonpost.com;Male;$267800.92;China;Marketing Manager
17;Druci;Callam;dcallamg@umn.edu;Female;$12096.40;Canada;Associate Professor
18;Roobbie;Greenset;rgreenseth@usgs.gov;Female;$285564.35;United States;Structural Engineer
19;Mozes;Lukovic;mlukovici@blogspot.com;Male;$461854.67;China;Geologist II
20;Murdoch;Reason;mreasonj@wikia.com;Male;$301012.04;Philippines;Analog Circuit Design manager
21;Anthe;Falconer;afalconerk@statcounter.com;Female;$368129.51;Russia;Programmer Analyst III
22;Vin;Bolmann;vbolmannl@oracle.com;Male;$39601.26;Czech Republic;Associate Professor
23;Palm;Clatworthy;pclatworthym@constantcontact.com;Male;$260346.61;Morocco;Speech Pathologist
24;Charlotte;Santus;csantusn@salon.com;Female;$306375.93;Russia;Actuary
25;Hieronymus;Waker;hwakero@usa.gov;Male;$101023.57;Ukraine;VP Product Management
26;Thom;Northall;tnorthallp@acquirethisname.com;Male;$431005.92;Brazil;Graphic Designer
27;Farley;Standidge;fstandidgeq@twitpic.com;Male;$26248.74;China;Project Manager
28;Garnet;Dunlop;gdunlopr@ezinearticles.com;Female;$224448.92;Czech Republic;Teacher
29;Glenine;Bolte;gboltes@bing.com;Female;$393792.74;Moldova;Senior Cost Accountant
30;Winfield;Durrand;wdurrandt@51.la;Male;$395288.30;China;Civil Engineer
31;Keriann;Melton;kmeltonu@slideshare.net;Female;$427236.77;Somalia;Accounting Assistant IV
32;Emmott;Perchard;eperchardv@stumbleupon.com;Male;$208344.28;China;Sales Representative
33;Kinsley;Pues;kpuesw@google.co.uk;Male;$183996.58;Sweden;Quality Control Specialist
34;Lindy;Head;lheadx@t.co;Male;$421983.43;China;Account Coordinator
35;Rory;Hitchens;rhitchensy@sfgate.com;Male;$408233.19;France;Computer Systems Analyst II
36;Torrey;McConigal;tmcconigalz@mail.ru;Male;$236278.96;Sweden;VP Product Management
37;Caitlin;Lambis;clambis10@tripadvisor.com;Female;$72581.85;Thailand;Junior Executive
38;Salmon;Guyer;sguyer11@yellowbook.com;Male;$13618.95;Indonesia;Recruiter
39;Harman;Syme;hsyme12@mac.com;Male;$361662.81;Indonesia;Programmer Analyst IV
40;Giustino;Storks;gstorks13@myspace.com;Male;$85309.52;Sweden;Automation Specialist IV
41;Lanita;Maciaszek;lmaciaszek14@canalblog.com;Female;$341199.05;Bolivia;Nurse
42;Jorey;Smickle;jsmickle15@si.edu;Female;$234726.19;Brazil;Nurse
43;Cullie;Spriggen;cspriggen16@amazon.com;Male;$368886.22;Indonesia;Health Coach IV
44;Parke;Tatersale;ptatersale17@indiegogo.com;Male;$199654.49;Egypt;Analyst Programmer
45;Cybil;Bentham;cbentham18@istockphoto.com;Female;$343031.94;Yemen;Financial Analyst
46;Bald;Pickard;bpickard19@columbia.edu;Male;$422814.98;Poland;Administrative Assistant II
47;Emlyn;Parzizek;eparzizek1a@wisc.edu;Female;$41404.33;South Korea;Physical Therapy Assistant
48;Martino;Soggee;msoggee1b@vkontakte.ru;Male;$275671.97;Philippines;Environmental Specialist
49;Cristionna;Rylance;crylance1c@networksolutions.com;Female;$245923.04;China;Social Worker
50;Howey;Jane;hjane1d@addtoany.com;Male;$359976.71;Portugal;Business Systems Development Analyst
51;Tate;McCard;tmccard1e@bravesites.com;Female;$342748.99;Indonesia;Project Manager
52;Koren;Brandin;kbrandin1f@feedburner.com;Female;$450514.99;Tanzania;Financial Analyst
53;Willa;Phelan;wphelan1g@skyrock.com;Female;$349071.01;Greece;Occupational Therapist
54;Sterling;Jouannin;sjouannin1h@dot.gov;Male;$464076.97;Peru;Teacher
55;King;Allchorne;kallchorne1i@un.org;Male;$185585.47;Bangladesh;Professor
56;Delbert;Fender;dfender1j@eventbrite.com;Male;$199546.76;Philippines;Director of Sales
57;Shirline;Claisse;sclaisse1k@skype.com;Female;$265132.90;Canada;Technical Writer
58;Ula;Oleshunin;uoleshunin1l@live.com;Female;$268227.18;Indonesia;VP Product Management
59;Arda;Mityushkin;amityushkin1m@jimdo.com;Female;$359867.68;Poland;Physical Therapy Assistant
60;Viki;Coopman;vcoopman1n@geocities.jp;Female;$445159.02;Honduras;Associate Professor
61;Warner;Freathy;wfreathy1o@cnet.com;Male;$310244.09;Indonesia;Internal Auditor
62;Debee;Peschet;dpeschet1p@netlog.com;Female;$344975.86;Swaziland;Technical Writer
63;Brunhilda;Howarth;bhowarth1q@ucla.edu;Female;$299966.82;China;Recruiting Manager
64;Vasili;Melato;vmelato1r@oracle.com;Male;$168544.25;Sweden;Software Engineer IV
65;Halley;Drydale;hdrydale1s@springer.com;Female;$486733.98;Panama;Programmer Analyst I
66;Liz;Shakle;lshakle1t@umich.edu;Female;$216162.50;France;Data Coordiator
67;Dion;Jiggle;djiggle1u@w3.org;Male;$217343.47;France;Senior Cost Accountant
68;Farris;Lyptratt;flyptratt1v@skype.com;Male;$43869.70;Portugal;Research Nurse
69;Carolann;Slatcher;cslatcher1w@baidu.com;Female;$348574.87;China;Account Representative I
70;Terencio;Lindelof;tlindelof1x@craigslist.org;Male;$499556.91;Russia;Senior Developer
71;Hallsy;Bonwell;hbonwell1y@blogspot.com;Male;$147428.66;Dominican Republic;Dental Hygienist
72;Rodrigo;Justis;rjustis1z@istockphoto.com;Male;$415731.45;United States;Teacher
73;Walker;Vigars;wvigars20@simplemachines.org;Male;$275482.67;United States;Assistant Professor
74;Ody;Wegner;owegner21@sciencedaily.com;Male;$138773.88;Canada;Cost Accountant
75;Lizzy;Edscer;ledscer22@a8.net;Female;$169032.89;Brazil;Dental Hygienist
76;Garvin;Assender;gassender23@studiopress.com;Male;$409997.74;China;Desktop Support Technician
77;Essa;Braker;ebraker24@vinaora.com;Female;$104439.18;Venezuela;Mechanical Systems Engineer
78;Addie;Dmtrovic;admtrovic25@bbb.org;Male;$321574.21;Mongolia;Web Designer II
79;Silvana;Juanes;sjuanes26@cargocollective.com;Female;$156775.95;Peru;Help Desk Operator
80;Hardy;O' Hern;hohern27@de.vu;Male;$233101.26;China;Statistician I
81;Vikky;Piggrem;vpiggrem28@aboutads.info;Female;$148277.46;Portugal;Programmer I
82;Gabriellia;Bligh;gbligh29@ow.ly;Female;$250889.99;Chile;Sales Representative
83;Mariette;Toffaloni;mtoffaloni2a@1688.com;Female;$236080.43;Philippines;Administrative Assistant II
84;Barbara-anne;Walburn;bwalburn2b@reverbnation.com;Female;$77699.52;China;Senior Sales Associate
85;Wyatan;Autrie;wautrie2c@addthis.com;Male;$345015.14;Estonia;Cost Accountant
86;Auria;Wallege;awallege2d@parallels.com;Female;$344148.88;Philippines;Senior Cost Accountant
87;Eldridge;McKennan;emckennan2e@statcounter.com;Male;$463967.79;Poland;Programmer II
88;Jecho;Minci;jminci2f@unicef.org;Male;$480198.98;France;VP Quality Control
89;Georgena;Filewood;gfilewood2g@wix.com;Female;$378138.96;Greece;Software Consultant
90;Brnaba;Overnell;bovernell2h@discuz.net;Male;$59121.30;Philippines;Paralegal
91;Gertrude;Greenwood;ggreenwood2i@bbb.org;Female;$369337.89;Japan;Senior Cost Accountant
92;Merci;Damrell;mdamrell2j@google.com.br;Female;$137525.67;Norway;Payment Adjustment Coordinator
93;Jannelle;Upham;jupham2k@desdev.cn;Female;$335281.31;Canada;Database Administrator III
94;Rodd;Kincla;rkincla2l@seesaa.net;Male;$177552.02;Portugal;Food Chemist
95;Patin;Osgar;posgar2m@t.co;Male;$199805.16;Portugal;Senior Sales Associate
96;Christiane;Rodenburgh;crodenburgh2n@vimeo.com;Female;$186336.95;Poland;Quality Engineer
97;Breanne;Lodwig;blodwig2o@rediff.com;Female;$5074.57;Burkina Faso;Programmer I
98;Baillie;Toplin;btoplin2p@sbwire.com;Male;$271737.97;Russia;Nurse Practicioner
99;Madella;Colpus;mcolpus2q@cafepress.com;Female;$462515.30;China;Software Consultant
100;Inna;Stopps;istopps2r@mapquest.com;Female;$43470.31;South Africa;Account Representative II
101;Corrie;Leopold;cleopold2s@gravatar.com;Female;$2235.48;Canada;VP Product Management
102;Wood;Victory;wvictory2t@purevolume.com;Male;$307707.36;Russia;Account Coordinator
103;Linea;Vanyukov;lvanyukov2u@infoseek.co.jp;Female;$77820.54;Poland;Social Worker
104;Desdemona;Le Huquet;dlehuquet2v@ca.gov;Female;$348023.83;Sweden;Account Coordinator
105;Meggi;Dewire;mdewire2w@tinyurl.com;Female;$130174.20;Philippines;Geological Engineer
106;Bobbie;Klossek;bklossek2x@google.fr;Male;$437797.73;Russia;Quality Control Specialist
107;Adlai;Pien;apien2y@rakuten.co.jp;Male;$109602.05;Russia;Pharmacist
108;Kile;Satterley;ksatterley2z@goodreads.com;Male;$491459.07;China;Actuary
109;Tommie;Sporner;tsporner30@storify.com;Male;$302463.79;Russia;Computer Systems Analyst I
110;Tiff;Pennini;tpennini31@thetimes.co.uk;Female;$33614.89;Russia;Administrative Assistant III
111;Hube;Fakeley;hfakeley32@naver.com;Male;$468579.10;Australia;Graphic Designer
112;Ricky;Brun;rbrun33@cargocollective.com;Male;$445017.66;Brazil;Executive Secretary
113;Ingeberg;Lamprey;ilamprey34@google.ca;Female;$168110.10;Nigeria;Mechanical Systems Engineer
114;Tore;Dybbe;tdybbe35@tamu.edu;Male;$214419.27;Lesotho;Financial Analyst
115;Rooney;McTurk;rmcturk36@house.gov;Male;$52746.05;Greece;Biostatistician IV
116;Dannye;Ferenczi;dferenczi37@scientificamerican.com;Female;$364270.44;Indonesia;Legal Assistant
117;Kasey;Glassopp;kglassopp38@networkadvertising.org;Female;$93546.53;China;Assistant Professor
118;Sabina;Armand;sarmand39@archive.org;Female;$226123.96;France;Environmental Tech
119;Harald;Allam;hallam3a@edublogs.org;Male;$252582.42;United States;Sales Associate
120;Laurene;Downie;ldownie3b@zimbio.com;Female;$41255.06;France;VP Product Management
121;Earvin;Youles;eyoules3c@abc.net.au;Male;$380955.09;Serbia;Legal Assistant
122;Kandace;Bilbey;kbilbey3d@tinypic.com;Female;$223766.55;Bosnia and Herzegovina;Teacher
123;Amitie;Jurgensen;ajurgensen3e@wsj.com;Female;$376154.19;Indonesia;Analyst Programmer
124;Rutherford;Scargill;rscargill3f@nyu.edu;Male;$484398.48;Poland;Physical Therapy Assistant
125;Kristine;Whyke;kwhyke3g@shinystat.com;Female;$2495.21;Botswana;Staff Accountant III
126;Jelene;Huggon;jhuggon3h@cbsnews.com;Female;$55990.13;Indonesia;Account Coordinator
127;Rogerio;O'Kenny;rokenny3i@amazon.de;Male;$37240.88;Argentina;Editor
128;Mendy;Tedahl;mtedahl3j@java.com;Male;$231128.86;Papua New Guinea;Physical Therapy Assistant
129;Raffaello;Robecon;rrobecon3k@simplemachines.org;Male;$47937.00;China;Staff Scientist
130;Tessie;Aucourte;taucourte3l@bloglovin.com;Female;$95594.78;France;Actuary
131;Grethel;Cluitt;gcluitt3m@photobucket.com;Female;$120224.89;Brazil;Dental Hygienist
132;Orel;Alexandrescu;oalexandrescu3n@gnu.org;Female;$25364.11;Nigeria;Senior Financial Analyst
133;Randolph;Sinkins;rsinkins3o@163.com;Male;$317511.20;China;Account Representative III
134;Sibbie;Hixley;shixley3p@blogtalkradio.com;Female;$416621.69;Indonesia;Structural Engineer
135;Irving;Hlavac;ihlavac3q@narod.ru;Male;$50510.97;United Kingdom;Occupational Therapist
136;Camilla;Ianiello;cianiello3r@over-blog.com;Female;$346986.75;Mexico;VP Product Management
137;Nanete;Pagen;npagen3s@csmonitor.com;Female;$67816.88;Indonesia;Financial Advisor
138;Tadeas;Noads;tnoads3t@businesswire.com;Male;$253494.13;France;Software Test Engineer II
139;Stanleigh;Storms;sstorms3u@phpbb.com;Male;$172608.46;China;Civil Engineer
140;Whitby;O'Keaveny;wokeaveny3v@virginia.edu;Male;$177386.09;Paraguay;Nurse Practicioner
141;Walther;Rooke;wrooke3w@exblog.jp;Male;$146292.03;Indonesia;Paralegal
142;Clarabelle;Cough;ccough3x@ezinearticles.com;Female;$474882.08;Poland;Chemical Engineer
143;Shirline;Waterworth;swaterworth3y@arizona.edu;Female;$455943.95;China;Nurse
144;Rene;Wedon;rwedon3z@chron.com;Male;$77162.26;Poland;VP Quality Control
145;Winthrop;Lenormand;wlenormand40@patch.com;Male;$182147.23;Indonesia;Assistant Manager
146;Barbi;Rake;brake41@businessinsider.com;Female;$198148.26;Indonesia;Clinical Specialist
147;Shayna;Hasted;shasted42@squarespace.com;Female;$75784.33;Portugal;Sales Associate
148;Alfons;Mugleston;amugleston43@gizmodo.com;Male;$314457.75;Colombia;Computer Systems Analyst II
149;Emelen;Coldbathe;ecoldbathe44@microsoft.com;Male;$302358.61;Nigeria;Sales Associate
150;Cherilyn;Hamberston;chamberston45@wufoo.com;Female;$96705.11;Norway;GIS Technical Architect
151;Lian;Sidle;lsidle46@amazon.com;Female;$42179.77;Poland;Librarian
152;Rip;Batcheldor;rbatcheldor47@state.gov;Male;$7423.48;Ireland;Financial Advisor
153;Kaine;Blase;kblase48@unicef.org;Male;$375194.86;Brazil;Geologist III
154;Kacey;Dillingham;kdillingham49@shop-pro.jp;Female;$476468.53;United States;Associate Professor
155;Dewain;Guerre;dguerre4a@jimdo.com;Male;$265638.45;Colombia;Analyst Programmer
156;Ora;Garaway;ogaraway4b@canalblog.com;Female;$19419.17;United States;Quality Engineer
157;Maryanna;De Cleyne;mdecleyne4c@prnewswire.com;Female;$482178.61;Croatia;Marketing Manager
158;Alberik;Eddie;aeddie4d@etsy.com;Male;$94444.37;Philippines;Financial Advisor
159;Giffy;Ratt;gratt4e@opensource.org;Male;$130872.54;Russia;Biostatistician IV
160;Alyce;Lartice;alartice4f@dion.ne.jp;Female;$31586.81;Portugal;Media Manager II
161;Justinn;Scarff;jscarff4g@prweb.com;Female;$259147.07;Argentina;Analog Circuit Design manager
162;Orran;Ives;oives4h@typepad.com;Male;$142469.08;China;Senior Editor
163;Cathrin;Brotherton;cbrotherton4i@weather.com;Female;$368214.92;Czech Republic;Editor
164;Ban;Northway;bnorthway4j@123-reg.co.uk;Male;$42832.32;Mozambique;Health Coach IV
165;Ermengarde;Mallender;emallender4k@pcworld.com;Female;$474411.28;Argentina;Cost Accountant
166;Lane;Tattershall;ltattershall4l@biglobe.ne.jp;Male;$440949.47;Spain;Staff Scientist
167;Corey;Mussington;cmussington4m@cnn.com;Male;$43282.71;Philippines;Senior Developer
168;Verla;Markos;vmarkos4n@gizmodo.com;Female;$150637.68;China;Assistant Manager
169;Langsdon;Ferrieres;lferrieres4o@livejournal.com;Male;$238994.77;China;Accounting Assistant III
170;Cathy;Munsey;cmunsey4p@loc.gov;Female;$5681.10;Poland;Professor
171;Dynah;Haley;dhaley4q@yellowbook.com;Female;$292119.26;Nepal;Cost Accountant
172;Leonanie;Giaomozzo;lgiaomozzo4r@usnews.com;Female;$77919.34;Peru;Recruiter
173;Gilberta;Porteous;gporteous4s@webs.com;Female;$467917.95;China;Senior Developer
174;Christoforo;Douse;cdouse4t@miitbeian.gov.cn;Male;$267094.73;France;Data Coordiator
175;Raddy;Speer;rspeer4u@earthlink.net;Male;$192635.81;Turkmenistan;Director of Sales
176;Holly-anne;Kipping;hkipping4v@cdc.gov;Female;$450120.74;China;Safety Technician I
177;Trefor;MacColgan;tmaccolgan4w@chron.com;Male;$300283.41;Peru;Senior Developer
178;Zea;Pougher;zpougher4x@tiny.cc;Female;$16454.47;Russia;Analog Circuit Design manager
179;Zarla;Petracci;zpetracci4y@live.com;Female;$9468.31;Ireland;Cost Accountant
180;Fedora;Metzing;fmetzing4z@state.tx.us;Female;$268845.33;Poland;Senior Cost Accountant
181;Emmalynne;Wormald;ewormald50@webmd.com;Female;$19756.82;Chile;VP Accounting
182;Lyn;Cozby;lcozby51@about.me;Male;$13583.20;China;VP Sales
183;Corbett;Tresler;ctresler52@wikimedia.org;Male;$265603.22;Portugal;Community Outreach Specialist
184;Hillery;Francescotti;hfrancescotti53@redcross.org;Male;$294221.42;Brazil;Software Test Engineer III
185;Stephanie;Thundercliffe;sthundercliffe54@nymag.com;Female;$192111.06;China;Teacher
186;Ichabod;McKyrrelly;imckyrrelly55@newsvine.com;Male;$304010.88;Greece;Food Chemist
187;Malcolm;Culley;mculley56@ocn.ne.jp;Male;$453999.29;Russia;Human Resources Assistant III
188;Curt;Pawden;cpawden57@loc.gov;Male;$444163.38;Philippines;Occupational Therapist
189;Andrej;Larkcum;alarkcum58@geocities.jp;Male;$9868.22;Thailand;Chief Design Engineer
190;Casper;Taunton.;ctaunton59@oaic.gov.au;Male;$349821.03;Philippines;Research Nurse
191;Feodora;Barsam;fbarsam5a@webs.com;Female;$271209.08;France;Nuclear Power Engineer
192;Carolan;Cowthart;ccowthart5b@weebly.com;Female;$98661.36;China;Automation Specialist IV
193;Cam;Cristofol;ccristofol5c@taobao.com;Male;$258080.78;Chad;Community Outreach Specialist
194;Yard;Mohammed;ymohammed5d@gravatar.com;Male;$469333.67;Nepal;Software Consultant
195;Octavius;Balke;obalke5e@upenn.edu;Male;$347219.19;Serbia;Software Engineer III
196;Conroy;Cornhill;ccornhill5f@psu.edu;Male;$384559.79;China;Research Assistant IV
197;Jean;Bottleson;jbottleson5g@e-recht24.de;Male;$370119.72;Venezuela;Nurse Practicioner
198;Ammamaria;Southern;asouthern5h@sina.com.cn;Female;$463218.70;Brazil;Product Engineer
199;Pippy;Dingate;pdingate5i@huffingtonpost.com;Female;$62890.44;Micronesia;Human Resources Assistant I
200;Moss;Goldup;mgoldup5j@studiopress.com;Male;$342121.75;Venezuela;Senior Quality Engineer
201;Demetri;Boltwood;dboltwood5k@fotki.com;Male;$443648.59;Syria;Nurse Practicioner
202;Merissa;Pautot;mpautot5l@nasa.gov;Female;$423928.25;Indonesia;Account Executive
203;Warren;Lurcock;wlurcock5m@photobucket.com;Male;$20304.01;Portugal;Help Desk Technician
204;Corissa;Churchard;cchurchard5n@rambler.ru;Female;$205389.68;Portugal;Cost Accountant
205;Henri;Leipold;hleipold5o@bing.com;Male;$246236.98;Iran;VP Product Management
206;Annie;Flawn;aflawn5p@digg.com;Female;$314562.27;Azerbaijan;Social Worker
207;Artur;Bednall;abednall5q@hubpages.com;Male;$463625.68;Chile;Operator
208;Taffy;Pheasey;tpheasey5r@biglobe.ne.jp;Female;$275852.88;Russia;Programmer Analyst III
209;Amaleta;Ferenczy;aferenczy5s@webmd.com;Female;$346068.84;China;Software Test Engineer IV
210;Sherry;Chippindale;schippindale5t@printfriendly.com;Female;$232163.92;Nicaragua;Teacher
211;Tedmund;McBoyle;tmcboyle5u@apple.com;Male;$293917.30;Senegal;Systems Administrator I
212;Nelli;Bancroft;nbancroft5v@4shared.com;Female;$80094.30;Argentina;Database Administrator I
213;Kasper;Gifford;kgifford5w@cisco.com;Male;$320532.52;Philippines;Engineer IV
214;Nicole;Sheals;nsheals5x@merriam-webster.com;Female;$303373.53;Ukraine;Web Developer II
215;Di;Niles;dniles5y@parallels.com;Female;$174083.09;Portugal;Engineer III
216;Zena;Marzelo;zmarzelo5z@earthlink.net;Female;$235617.23;Zimbabwe;Accountant IV
217;Fabe;Johansen;fjohansen60@sakura.ne.jp;Male;$419521.84;Russia;Accounting Assistant IV
218;Mead;MacGuigan;mmacguigan61@oaic.gov.au;Female;$201953.94;Nigeria;Senior Editor
219;Brandy;Marchbank;bmarchbank62@nbcnews.com;Male;$332976.92;Russia;Health Coach IV
220;Farlay;Oley;foley63@ucsd.edu;Male;$209745.64;East Timor;Assistant Manager
221;Leandra;Sarrell;lsarrell64@independent.co.uk;Female;$332747.29;Brazil;Design Engineer
222;Itch;Marns;imarns65@tamu.edu;Male;$27446.99;Philippines;Professor
223;Flynn;Siege;fsiege66@1und1.de;Male;$167134.13;Peru;Recruiting Manager
224;Waiter;Kilgannon;wkilgannon67@patch.com;Male;$248588.63;United States;Librarian
225;Nerta;Wyldish;nwyldish68@msu.edu;Female;$378805.27;Jamaica;Staff Scientist
226;Hadlee;Retallack;hretallack69@sun.com;Male;$391833.20;Syria;Food Chemist
227;Henrie;Gentzsch;hgentzsch6a@cam.ac.uk;Female;$55593.21;Poland;Geological Engineer
228;Dorena;Benedito;dbenedito6b@storify.com;Female;$330367.27;Malaysia;Senior Sales Associate
229;Edgardo;Gantlett;egantlett6c@census.gov;Male;$158225.81;Indonesia;Actuary
230;Correna;Cottage;ccottage6d@bigcartel.com;Female;$159214.99;Syria;Social Worker
231;Garreth;Luca;gluca6e@php.net;Male;$249969.71;China;Senior Quality Engineer
232;Lodovico;Minchenton;lminchenton6f@123-reg.co.uk;Male;$199243.83;Indonesia;Librarian
233;Farlay;Rosie;frosie6g@drupal.org;Male;$80710.10;Israel;Nurse Practicioner
234;Paloma;Ruddiforth;pruddiforth6h@livejournal.com;Female;$1803.31;Thailand;Director of Sales
235;Samson;Grundey;sgrundey6i@shop-pro.jp;Male;$442232.56;Indonesia;Account Representative II
236;Alphard;Lashmore;alashmore6j@ebay.co.uk;Male;$459867.74;China;Staff Accountant IV
237;Caro;Dodimead;cdodimead6k@i2i.jp;Female;$40195.27;China;VP Product Management
238;Stanfield;Brightman;sbrightman6l@last.fm;Male;$496584.68;Liberia;Internal Auditor
239;Riordan;Plumridege;rplumridege6m@cbslocal.com;Male;$339939.41;China;Software Consultant
240;Ephraim;Guare;eguare6n@posterous.com;Male;$123320.04;China;Assistant Manager
241;Jillana;Louiset;jlouiset6o@soundcloud.com;Female;$47307.78;Russia;Administrative Assistant II
242;Mallory;Bartczak;mbartczak6p@engadget.com;Male;$290352.20;Indonesia;Project Manager
243;Kenyon;Tattersill;ktattersill6q@cam.ac.uk;Male;$228677.81;Belarus;Project Manager
244;Bernadina;Cuddehy;bcuddehy6r@creativecommons.org;Female;$110410.75;Brazil;Web Developer IV
245;Moises;Galvan;mgalvan6s@merriam-webster.com;Male;$214125.71;Indonesia;Research Associate
246;Karissa;Goodall;kgoodall6t@nydailynews.com;Female;$282243.62;Czech Republic;Executive Secretary
247;Clair;Styles;cstyles6u@so-net.ne.jp;Male;$410730.58;Japan;GIS Technical Architect
248;Benoit;Padginton;bpadginton6v@bing.com;Male;$471775.88;Poland;Media Manager IV
249;Ellette;Thyng;ethyng6w@slideshare.net;Female;$169113.71;China;Safety Technician IV
250;Hart;James;hjames6x@answers.com;Male;$89637.16;France;Nuclear Power Engineer
251;Murray;Chevolleau;mchevolleau6y@irs.gov;Male;$58094.08;France;Geological Engineer
252;Heidie;Shew;hshew6z@va.gov;Female;$23192.30;Czech Republic;Health Coach III
253;Robbyn;Mutton;rmutton70@marketwatch.com;Female;$93021.24;North Korea;Cost Accountant
254;Florinda;Timny;ftimny71@harvard.edu;Female;$329298.52;Thailand;Civil Engineer
255;Rutherford;Novakovic;rnovakovic72@squarespace.com;Male;$370401.59;Russia;Human Resources Manager
256;Clyde;Shoppee;cshoppee73@unblog.fr;Male;$54899.04;Russia;Teacher
257;Cordey;Johansson;cjohansson74@dot.gov;Female;$259482.94;Russia;Nurse Practicioner
258;Yank;Larvor;ylarvor75@time.com;Male;$383959.57;Morocco;Senior Cost Accountant
259;Henrik;Thies;hthies76@com.com;Male;$245020.43;Argentina;Engineer IV
260;Bear;Pahlsson;bpahlsson77@howstuffworks.com;Male;$403424.55;Iran;Web Developer II
261;Marmaduke;Maddinon;mmaddinon78@sakura.ne.jp;Male;$318824.01;Bermuda;Health Coach IV
262;Brock;Wace;bwace79@bigcartel.com;Male;$491906.01;Indonesia;Research Nurse
263;Glenn;Walasik;gwalasik7a@ow.ly;Female;$228718.18;Colombia;Software Engineer IV
264;Arv;Capel;acapel7b@reverbnation.com;Male;$449625.36;Portugal;Programmer Analyst IV
265;Mill;Bruhnicke;mbruhnicke7c@twitter.com;Male;$149827.60;Greece;Senior Developer
266;Novelia;Mateos;nmateos7d@ucla.edu;Female;$71214.84;Argentina;Chief Design Engineer
267;Karlotta;Reeman;kreeman7e@mysql.com;Female;$426002.83;Portugal;Research Nurse
268;Dario;Partrick;dpartrick7f@mac.com;Male;$136581.65;China;Professor
269;Euphemia;Bodycomb;ebodycomb7g@bbb.org;Female;$457510.30;Bhutan;Senior Quality Engineer
270;Kerby;Philpots;kphilpots7h@nsw.gov.au;Male;$10182.92;Sweden;Graphic Designer
271;Hill;Zorzi;hzorzi7i@deliciousdays.com;Male;$175473.74;China;Nuclear Power Engineer
272;Svend;Ilden;silden7j@cnbc.com;Male;$266330.28;South Korea;Senior Developer
273;Stanislaus;Beckham;sbeckham7k@vimeo.com;Male;$345558.04;Argentina;Health Coach II
274;Veronika;Iacofo;viacofo7l@whitehouse.gov;Female;$63005.66;China;Technical Writer
275;Rory;Dirand;rdirand7m@archive.org;Male;$289265.40;Japan;Pharmacist
276;Turner;Berryann;tberryann7n@nyu.edu;Male;$86879.21;Macedonia;Nurse Practicioner
277;Lief;Bellingham;lbellingham7o@i2i.jp;Male;$142670.25;Indonesia;Administrative Officer
278;Johnna;Kellard;jkellard7p@skyrock.com;Female;$175945.40;Indonesia;Staff Scientist
279;Marge;Gailor;mgailor7q@seesaa.net;Female;$476665.79;Thailand;Teacher
280;Kermy;Lidierth;klidierth7r@w3.org;Male;$60006.25;Egypt;Pharmacist
281;Kendrick;Welburn;kwelburn7s@bluehost.com;Male;$423921.73;China;Staff Accountant I
282;Lorianna;Scrafton;lscrafton7t@w3.org;Female;$126061.98;Colombia;Administrative Officer
283;Grissel;De Brett;gdebrett7u@yelp.com;Female;$277718.91;Malta;Computer Systems Analyst I
284;Lem;McNutt;lmcnutt7v@homestead.com;Male;$148912.72;Slovenia;Speech Pathologist
285;Johna;Marchi;jmarchi7w@ovh.net;Female;$137998.65;Tunisia;Assistant Media Planner
286;Morgan;Reade;mreade7x@dagondesign.com;Male;$60826.54;Indonesia;Budget/Accounting Analyst II
287;Marys;Maffucci;mmaffucci7y@tmall.com;Female;$197190.44;Ukraine;Librarian
288;Truda;Petrushanko;tpetrushanko7z@studiopress.com;Female;$1494.02;Philippines;Food Chemist
289;Hillie;Leachman;hleachman80@mapquest.com;Male;$173526.59;China;General Manager
290;Cooper;Daughton;cdaughton81@microsoft.com;Male;$5926.76;Russia;Compensation Analyst
291;Farrand;Formie;fformie82@opera.com;Female;$388781.02;Costa Rica;Food Chemist
292;Debora;Gounard;dgounard83@ezinearticles.com;Female;$238509.22;Philippines;Legal Assistant
293;Pen;Linham;plinham84@marketwatch.com;Male;$474814.75;Portugal;Pharmacist
294;Joye;Mein;jmein85@cpanel.net;Female;$393557.62;Macedonia;Software Test Engineer II
295;Tally;Adrian;tadrian86@buzzfeed.com;Female;$391772.83;Philippines;Administrative Officer
296;Cele;Blanchard;cblanchard87@narod.ru;Female;$467498.57;Philippines;Project Manager
297;Natty;Kellart;nkellart88@qq.com;Male;$152050.64;Peru;Automation Specialist I
298;Bryn;Duxbury;bduxbury89@gnu.org;Male;$9714.51;Ghana;Compensation Analyst
299;Raye;Motherwell;rmotherwell8a@google.cn;Female;$22238.29;Russia;Compensation Analyst
300;Lou;Ninnis;lninnis8b@istockphoto.com;Male;$484943.19;Portugal;Automation Specialist IV
